number,title
1,Ani Ole Nyɔŋmɔ Jogbaŋŋ?
2,Ani Obaafo Naagbee Gbii Lɛ?
3,Okɛ Yehowa Gbɛjianɔtoo Ní Efee Ekome Lɛ Anyiɛ
4,Nibii Ni Ebɔle Wɔ Ni Tsɔɔ Akɛ Nyɔŋmɔ Yɛ
5,Yelikɛbuamɔ Diɛŋtsɛ Kɛhã Weku Lɛ
6,Bɔ Ni Nu Afua Ni Ba Yɛ Noa Gbii Lɛ Amli Lɛ Kɔɔ Ohe
7,Kasemɔ “Tsɛ Ni Mɔbɔnalɛ Eyi Lɛ Obɔ Lɛ”
8,"Feemɔ Nyɔŋmɔ Suɔmɔnaa Nii, Shi Jeee Bo Diɛŋtsɛ Onɔ"
9,Bo Nyɔŋmɔ Wiemɔ Lɛ Toi Jogbaŋŋ Ni Okɛtsu Nii
10,Ye Anɔkwa Yɛ Owiemɔ Kɛ Onifeemɔi Fɛɛ Mli
11,‘Wɔfataaa Je Lɛ He’—Ejaa Kɛ Wɔmiikase Kristo
12,Ani Obuɔ Mɛi Ni Yɔɔ Hegbɛi Yɛ Wɔnɔ Lɛ Tamɔ Bɔ Ni Nyɔŋmɔ Kpaa Gbɛ Lɛ?
13,Mɛni Ji Nyɔŋmɔ Susumɔ Yɛ Bɔlɛnamɔ Kɛ Gbalashihilɛ He?
14,Gbɔmɛi Ni He Tse Woɔ Nyɔŋmɔ Hiɛ Nyam
15,‘Feemɔ Mɛi Fɛɛ Ekpakpa’
16,Yaa Nɔ Owaje Okɛ Nyɔŋmɔ Teŋ Wekukpãa Lɛ
17,Okɛ Nɔ Fɛɛ Nɔ Ni Oyɔɔ Lɛ Awo Nyɔŋmɔ Hiɛ Nyam
18,Okɛ Yehowa Afee Obobaahe
19,Te Obaafee Tɛŋŋ Ole Nɔ Ni Baaba Onɔ Wɔsɛɛ Lɛ?
20,Ani Be Eshɛ Ni Nyɔŋmɔ Baaye Je Lɛ Nɔ?
21,Ohiɛ Asɔ Hegbɛ Ni Onã Akɛ Oji Maŋtsɛyeli Lɛ Mli Nyo Lɛ
22,Ani Oonã Nibii Ni Yehowa Kɛhãa Wɔ Lɛ Ahe Sɛɛ?
23,Mɛɛ Yiŋtoo Hewɔ Abɔ Adesai?
24,Ani Ona ‘Adiagba Ko Ni Jara Wa’?
25,Wu Oshi Je Lɛ Mumɔ Lɛ!
26,Ani Ohe Hiaa Nyɔŋmɔ?
27,Mɛni Hãa Gbãla Sɔɔ?
28,Jiemɔ Bulɛ Kɛ Suɔmɔ Kpo Yɛ Ogbãla Lɛ Mli
29,Sɔ̃i Ni Jwere Onɔ Akɛ Fɔlɔ Kɛ Jɔɔmɔi Ni Ekɛbaa
30,Bɔ Ni Weku Mli Bii Baafee Amɛkɛ Amɛhe Agba Sane Jogbaŋŋ
31,Ani Onuɔ He Akɛ Nyɔŋmɔ He Miihia Bo?
32,Bɔ Ni Wɔɔfee Wɔdamɔ Tsuiyeli Naa
33,Ani Be Ko Baashɛ Ni Abaaye Jalɛ Sane Diɛŋtsɛ?
34,Ani Abaakadi Bo Kɛhã Yibaamɔ?
35,Ani Obaanyɛ Ohi Shi Kɛya Naanɔ? Mɛni Baahã Onyɛ Ohi Shi Kɛya Naanɔ?
36,Ani Abɔ Wɔ Ni Wɔgbolɔ Ni Wɔgboi?
37,Ani Nyɔŋmɔ Gbɛi Lɛ Anɔ Nyiɛmɔ He Yɛ Sɛɛnamɔ Lɛɛlɛŋ?
38,Mɛni Esa Akɛ Ofee Koni Abaa Oyi Yɛ Je Lɛ Naagbee Lɛ Mli?
39,Mɛɛ Gbɛ Nɔ Yesu Kristo Baaye Je Lɛ Nɔ Kunim? Mɛɛ Be Ebaafee Nakai?
40,Mɛɛ Nibii Etsɛŋ Ebaaba?
41,"“Nyɛdamɔa Shi, Ni Nyɛkwɛa Bɔ Ni Yehowa Baahere Nyɛyiwala Ehã”"
42,Ani Suɔmɔ Baanyɛ Aye Nyɛɛ Nɔ Kunim?
43,Nibii Ni Nyɔŋmɔ Biɔ Yɛ Wɔdeŋ Lɛ Ahe Yɛ Sɛɛnamɔ Be Fɛɛ Be Baafa
44,Te Obaafee Tɛŋŋ Onã Yesu Tsɔɔmɔi Lɛ He Sɛɛ?
45,Nyiɛmɔ Gbɛ Ni Kɛ Mɔ Yaa Naanɔ Wala Mli Lɛ Nɔ
46,Hiɛmɔ Ohemɔkɛyeli Lɛ Mli Kpɛŋŋ Kɛyashi Naagbee
47,Hemɔ Sane Kpakpa Lɛ Oye
48,"Kɛ́ Aaka Bo Lɛ, Ye Nyɔŋmɔ Anɔkwa"
49,Ani Abaanyɛ Ahã Shikpɔŋ Lɛ Nɔ Atse?
50,Bɔ Ni Obaafee Okpɛ Yiŋ Ni Baahã Oye Omanye
51,Ani Anɔkwale Lɛ Miitsake Bo?
52,Namɔ Ji O-Nyɔŋmɔ?
53,Ani Osusumɔi Kɛ Nyɔŋmɔ Nɔ Lɛ Kpãa Gbee?
54,Hemɔ Nyɔŋmɔ Kɛ Eshiwoi Lɛ Oye
55,Te Obaafee Tɛŋŋ Ofee Gbɛ́i Kpakpa Yɛ Nyɔŋmɔ Hiɛ?
56,Mɛɛ Hiɛnyiɛlɔ Obaanyɛ Okɛ Ohiɛ Afɔ̃ Enɔ?
57,Wɔhiɛ Ni Wɔɔmia Beni Akɛ Yiwaa Baa Wɔnɔ
58,Namɛi Ji Kristo Sɛɛnyiɛlɔi Diɛŋtsɛ?
59,Obaakpa Nɔ Ni Odũɔ
60,Mɛɛ Oti Okɛma Ohiɛ Yɛ Shihilɛ Mli?
61,Namɔ Shiwoi Oheɔ Oyeɔ?
62,Nɛgbɛ Wɔbaanyɛ Wɔná Hiɛnɔkamɔ Kpakpa Yɛ?
63,Ani Abaanyɛ Ana Anɔkwale Lɛ?
64,“Shwɛmɔ-Kɛ-Ŋɔɔmɔ” Aloo “Nyɔŋmɔ”—Te Nɔ Ni Obaasumɔ?
65,Bɔ Ni Ooofee Onã Toinjɔlɛ Yɛ Jeŋ Ni Mlifu Eyi Mli Lɛ Mli
66,Ani Obaabafata He Ni Atsu Nikpamɔ Nitsumɔ Lɛ?
67,Jwɛŋmɔ Yehowa Wiemɔ Lɛ Kɛ Nibii Ni Ebɔ Lɛ Anɔ
68,‘Yaa Nɔ Okɛke Tswaa’
69,Mɛni Hewɔ Esa Akɛ Oje Suɔmɔ Mli Okɛ Ohe Ashã Afɔlɛ?
70,Mɛni Hewɔ Nyɔŋmɔ Ji Mɔ Ni Sa Akɛ Okɛ Ohiɛ Afɔ̃ Enɔ?
71,Mɛni Hewɔ Esa Akɛ ‘Oya Nɔ Oshi Kpe’? Te Obaafee Tɛŋŋ Ofee Nakai?
72,Suɔmɔ Ji Nɔ Ni Kadiɔ Anɔkwa Kristofoi Asafo Lɛ
73,Bɔ Ni Obaafee Onã “Tsui Ni Hiɛ Kã Shi”
74,Yehowa Miikwɛ Wɔ
75,Ani Bɔ Ni Ohiɔ Shi Ohãa Lɛ Tsɔɔ Akɛ Ofiɔ Yehowa Nɔyeli Lɛ Sɛɛ?
76,Biblia Mli Shishitoo Mlai—Ani Amɛbaanyɛ Amɛwa Wɔ Kɛdamɔ Naagbai Ni Wɔkɛkpeɔ Ŋmɛnɛ Lɛ Anaa?
77,“Nyɛkɔa Gbɔfeemɔ Gbɛ Lɛ”
78,Okɛ Miishɛɛ Tsui Asɔmɔ Yehowa
79,Namɔ Okɛbaabɔ Naanyo?
80,Ani Okɛ Ohiɛ Fɔ̃ɔ Jeŋ Shikpamɔ Nɔ Aloo Biblia Lɛ Nɔ?
81,Namɛi Sa Akɛ Amɛfeɔ Mɛi Yesu Kaselɔi?
82,Yehowa Kɛ Kristo—Ani Amɛji Triniti Ko Fã?
83,Ani Esa Akɛ Kristofoi Aye Kitãi Nyɔŋma Lɛ Nɔ?
84,Ani Obaaje Nɔ Ni Baaba Je Nɛɛ Nɔ Lɛ Mli?
85,Sanekpakpa Ni Ashiɛɔ Yɛ Yiwalɛ Jeŋ Mli
86,Sɔlemɔi Ni Nyɔŋmɔ Boɔ Toi
87,Mɛɛ Wekukpaa Kã Okɛ Nyɔŋmɔ Teŋ?
88,Mɛni Hewɔ Esa Akɛ Ohi Shi Yɛ Biblia Mli Gbɛtsɔɔmɔi Lɛ Anaa?
89,Ani Anɔkwale Lɛ He Kumai Miiye Bo? Ba!
90,Feemɔ Bɔ Fɛɛ Bɔ Ni Obaanyɛ Koni Onine Ashɛ Wala Diɛŋtsɛ Lɛ Nɔ!
91,Ba Ni Mesia Lɛ Eba Lɛ Kɛ Enɔyeli Lɛ
92,Gbɛfaŋnɔ Ni Nyɔŋmɔ Jamɔ Ená Yɛ Je Lɛŋ Saji Amli
93,Ani Adebɔɔ Naa Oshãrai Asɛɛ Baafo?
94,Anɔkwa Jamɔ Tsuɔ Adesai Ashihilɛ Mli Hiamɔ Nii Ahe Nii
95,Kaahã Daimonioi Lɛ Laka Bo!
96,Mɛni Baaba Jamɔi Anɔ Wɔsɛɛ?
97,Ní Aaahi Shi Akɛ Mɔ Ni Shwamɔ Ko Bɛ Ehe Yɛ Yinɔ Kɔ̃ɔdɔŋ Mli
98,“Je Nɛŋ Nifeemɔ Lɛ Miitsake”
99,Nɔ Hewɔ Ni Obaanyɛ Ohe Saji Ni Yɔɔ Biblia Lɛ Mli Lɛ Oye
100,Bɔ Ni Obaafee Onã Nanemɛi Kpakpai Ni Okɛ Amɛ Abɔ Daa
101,Yehowa—‘Bɔlɔ Kpele Lɛ’
102,Okɛ Ojwɛŋmɔ Ama “Gbalɛ Wiemɔ Lɛ” Nɔ
103,Obaanyɛ Onã Miishɛɛ Yɛ Nyɔŋmɔ Sɔɔmɔ Mli
104,Fɔlɔi—Ani Nyɛkɛ Nibii Ni La Nyɛŋ Ashã Lɛ Miitsu Nii?
105,Ní Wɔɔná Miishɛjemɔ Yɛ Wɔ Amanehului Lɛ Fɛɛ Sɛɛ
106,Shikpɔŋ Lɛ Fitemɔ Kɛ Ŋwei Toigbalamɔ Baa
107,Ani Otsɔse Ohenilee Lɛ? Ani Oonã He Sɛɛ?
108,"Kaashe Gbeyei, Nibii Baahi Wɔsɛɛ!"
109,Nyɔŋmɔ Maŋtsɛyeli Lɛ Ebɛŋkɛ
110,Nyɔŋmɔ Baa Klɛŋklɛŋ Yɛ Weku Shihilɛ Ni Yeɔ Omanye Mli
111,Mɛɛ Gbɛ Nɔ Abaatsɔ Atsa Adesai Kwraa?
112,Te Obaafee Tɛŋŋ Ojie Suɔmɔ Kpo Yɛ Jeŋ Ni Asusuu Mɔ He Lɛ Mli?
113,Mɛni Oblahii Kɛ Oblayei Baanyɛ Afee Koni Amɛye Omanye Ni Amɛná Miishɛɛ?
114,Hiɛsɔɔ Ni Aaaná Aha Nyɔŋmɔ Adebɔɔ Nibii Ni Yɔɔ Naakpɛɛ Lɛ
115,Kaahã Satan Ŋaatsɔi Lɛ Eko Kwraa Du Bo
116,Okɛ Nilee Ahala Onanemɛi!
117,Bɔ Ni Ooofee Ni Okɛ Ekpakpafeemɔ Aye Efɔŋ Nɔ Kunim
118,Oblahii Kɛ Oblayei Bibii Ni Aaakwɛ Amɛ Yɛ Bɔ Ni Yehowa Kwɛɔ Amɛ Ehaa Lɛ Naa
119,Je Lɛ Ni Kristofoi Tsiɔ Amɛhe Kɛjeɔ He—Nɔ Hewɔ Ni Ehe Yɔɔ Sɛɛnamɔ
120,Nɔ Hewɔ Ni Esa Akɛ Aba He Shi Aha Nyɔŋmɔ Nɔyeli Bianɛ
121,Namɛi Abaahere Amɛyiwala Be Ni Akpãtãa Jeŋ Fɔŋ Nɛɛ Hiɛ Lɛ?
122,Jeŋ Muu Fɛɛ Toinjɔlɛ—Kɛjɛ Nɛgbɛ?
123,Nɔ Hewɔ Ni Esa Akɛ Kristofoi Afee Srɔto
124,Nɔ Ni Abaadamɔ Nɔ Aná Hekɛnɔfɔɔ Akɛ Ŋwei Aje Aŋma Biblia Lɛ
125,Nɔ Hewɔ Ní Kpɔmɔnɔ He Hiaa Adesai
126,Namɔ Abaanyɛ Ahere Eyiwala?
127,Mɛni Baa Wɔnɔ Kɛ́ Wɔgboi?
128,Ani Hɛl Ji He Ko Ni Akɛ La Piŋɔ Mɔ Yɛ Lɛɛlɛŋ?
129,Ani Triniti Tsɔɔmɔ Lɛ Yɛ Biblia Lɛ Mli?
130,Shikpɔŋ Lɛ Baahi Shi Kɛya Naanɔ
131,Tsĩi Abonsam Gbɛ!
132,Gbohiiashitee Lɛ—Eji Gbele Nɔ Kunimyeli!
133,Adesai Ashishijee Lɛ—Ani Nɔ Ni Oheɔ Oyeɔ Lɛ Kɔɔ He Eko?
134,Ani Esa Akɛ Kristofoi Aye Hejɔɔmɔ Gbi Lɛ?
135,Krɔŋkrɔŋ Ní Wala Kɛ Lá Ji
136,Ani Nyɔŋmɔ Kpɛlɛɔ Amagai Ni Akɛtsuɔ Nii Yɛ Jamɔ Mli Lɛ Nɔ?
137,Ani Biblia Lɛ Mli Naakpɛɛ Nii Lɛ Ba Mli Lɛɛlɛŋ?
138,Okɛ Jwɛŋmɔ Kpakpa Ahi Shi Yɛ Jeŋ Ni Efite Mli
139,Nyɔŋmɔ He Nilee Ni Yɔɔ Jeŋ Nilee Jeŋ Ko Mli
140,Namɔ Tuuntu Ji Yesu Kristo?
141,Ŋtsɔi Ni Adesai Dɔmɔɔ—Mɛɛ Be Ebaaba Naagbee?
142,Nɔ Hewɔ Ni Esa Akɛ Oyaba Yehowa Abo
143,Okɛ Ohiɛ Afɔ̃ Miishɛjemɔ Fɛɛ Nyɔŋmɔ Lɛ Nɔ
144,Asafo Ní Yeɔ Anɔkwa Yɛ Kristo Hiɛnyiɛmɔ Shishi
145,"Namɔ Tamɔ Yehowa, Wɔ-Nyɔŋmɔ Lɛ?"
146,Okɛ Wolokasemɔ Atsu Nii Ní Okɛjie Yehowa Yi
147,Hemɔ Oye Akɛ Yehowa Ji Mɔ Ni Yɔɔ Hewalɛ Ni Ebaanyɛ Ekɛhere Wɔyiwala
148,Ani Okɛ Bɔ Ni Nyɔŋmɔ Buɔ Wala Ehaa Lɛ Kpãa Gbee?
149,Ani Okɛ Nyɔŋmɔ Miinyiɛ?
150,Ani Je Nɛɛ Hiɛ Baakpãtã?
151,Yehowa Ji ‘Mɔɔ Ní Wa’ Kɛha Ewebii
152,Harmagedon Diɛŋtsɛ Lɛ—Mɛni Hewɔ? Mɛɛ Bɛ?
153,Nyɛhãa ‘Gbi Ni Yɔɔ Gbeyei’ Lɛ Ahia Nyɛjwɛŋmɔ Mli!
154,Adesa Nɔyeli—Áŋmɛ Yɛ Ŋsɛni Mli
155,Ani Babilon Kojomɔ Ŋmɛlɛtswaa Lɛ Eshɛ?
156,Kojomɔ Gbi—Be Kɛha Gbeyeishemɔ Aloo Hiɛnɔkamɔ?
157,Bɔ Ni Anɔkwa Kristofoi Wulaa Nibii Ni Yehowa Tsɔɔ Amɛ Lɛ
158,"Feemɔ Ekãa, Ni Okɛ Ohiɛ Afɔ̃ Yehowa Nɔ"
159,Aaaná Shweshweeshwe Shihilɛ Yɛ Jeŋ Ko Ni Oshara Yɔɔ Mli Lɛ Mli
160,Baamɔ Nɔ Ni Kadiɔ Bo Akɛ Kristofonyo Lɛ Yi!
161,Mɛni Hewɔ Yesu Na Amanehulu Ni Egbo?
162,Kpɔmɔ Kɛmiijɛ Jeŋ Ni Mli Ewo Duŋ Mli
163,Mɛni Hewɔ Esa Akɛ Ashe Anɔkwa Nyɔŋmɔ Lɛ Gbeyei?
164,Ani Nyɔŋmɔ Kã He Eeye Nɔ?
165,Namɔ Jeŋba He Mlai Onyaa He?
166,Mɛni Ji Anɔkwa Hemɔkɛyeli? Ni Te Ajieɔ Lɛ Kpo Ahãa Tɛŋŋ?
167,Feemɔ Onii Yɛ Nilee Mli Yɛ Jeŋ Ni Efeee Enii Yɛ Nilee Mli Nɛɛ Mli
168,Obaanyɛ Onu He Akɛ Oyɛ Shweshweeshwe Yɛ Jeŋ Ni Haomɔ Yɔɔ Mli Nɛɛ Mli!
169,Mɛni Hewɔ Esa Akɛ Oha Biblia Lɛ Atsɔɔ Bo Gbɛ?
170,Namɔ Sa Jogbaŋŋ Akɛ Eyeɔ Adesai Anɔ?
171,Obaanyɛ Ohi Shi Yɛ Toinjɔlɛ Mli Bianɛ—Kɛ Agbɛnɛ Kɛmiiya Naanɔ!
172,Te Nyɔŋmɔ Naa Bo Ehãa Tɛŋŋ?
173,Ani Nyɔŋmɔ Kpɛlɛɔ Jamɔi Fɛɛ Anɔ?
174,Namɛi Baaná Nyɔŋmɔ Jeŋ Hee Lɛ Mli Gbɛ?
175,Mɛni Tsɔɔ Akɛ Biblia Lɛ Ja?
176,Anɔkwa Toinjɔlɛ Kɛ Shweshweeshwe Shihilɛ—Mɛɛ Be Ebaaba?
177,Nɛgbɛ Abaanyɛ Aná Yelikɛbuamɔ Kɛjɛ Yɛ Haomɔ Beaŋ?
178,Bá Ojeŋ Yɛ Emuuyeli Mli
179,"Kwa Je Lɛŋ Yaka Yiŋsusumɔi Lɛ, Dii Maŋtsɛyeli Lɛ He Nibii Ni Yɔɔ Diɛŋtsɛ Lɛ Asɛɛ"
180,Nɔ Hewɔ Ni Esa Akɛ Gbohiiashitee He Hiɛnɔkamɔ Lɛ Afee Nɔ Ni Yɔɔ Diɛŋtsɛ Kɛha Bo
181,Ani Ebɛŋkɛ Fe Bɔ Ni Osusuɔ?
182,Nɔ Ni Nyɔŋmɔ Maŋtsɛyeli Lɛ Miifee Eehã Wɔ Bianɛ
183,Kaakwɛ Nibii Gbohii!
184,Ani Gbele Kɛ Nɔ Fɛɛ Nɔ Baa Naagbee?
185,Ani Anɔkwale Lɛ Miiná Onɔ Hewalɛ?
186,Baafata Nyɔŋmɔ Webii Ni Yɔɔ Miishɛɛ Lɛ Ahe
187,Mɛni Hewɔ Nyɔŋmɔ Ni Yɔɔ Suɔmɔ Lɛ Ŋmɛɔ Efɔŋfeemɔ Gbɛ?
188,Ani Okɛ Ohiɛ Fɔ̃ɔ Yehowa Nɔ?
189,Okɛ Nyɔŋmɔ Anyiɛ Koni Onã Jɔɔmɔi Amrɔ Nɛɛ Kɛ Naanɔi Fɛɛ
190,Oweku Lɛ Baanyɛ Aná Miishɛɛ Ni Hi Kɛwula Shi
191,Bɔ Ni Suɔmɔ Kɛ Hemɔkɛyeli Yeɔ Je Lɛ Nɔ Kunim
192,Ani Onyiɛ Gbɛ Ni Kɛ Mɔ Yaa Naanɔ Wala Mli Lɛ Nɔ?
193,Abaahere Wɔ Kɛjɛ Jeŋ Ni Haomɔ Yɔɔ Mli Nɛɛ Mli
194,Bɔ Ni Hiɛshikamɔ Ni Jɛ Nyɔŋmɔ Ŋɔɔ Lɛ Yeɔ Ebuaa Wɔ
